sample	type	platform	run	lane	fastq1	fastq2	adapter
GB-VAL-02	T	NovaSeq	211115_AHLCNMDRXY	S1	/seqstore/instruments/novaseq_687_gc/Demultiplexdir/211115_A00687_0159_AHLCNMDRXY/fastq/GB-VAL-02_211115_AHLCNMDRXY_S1_R1_001.fastq.gz	/seqstore/instruments/novaseq_687_gc/Demultiplexdir/211115_A00687_0159_AHLCNMDRXY/fastq/GB-VAL-02_211115_AHLCNMDRXY_S1_R2_001.fastq.gz	ACACGTCTGAACTCCAGTCAC,GTCGTGTAGGGAAAGAGTGT
GB-VAL-03	T	NovaSeq	211115_AHLCNMDRXY	S9	/seqstore/instruments/novaseq_687_gc/Demultiplexdir/211115_A00687_0159_AHLCNMDRXY/fastq/GB-VAL-03_211115_AHLCNMDRXY_S9_R1_001.fastq.gz	/seqstore/instruments/novaseq_687_gc/Demultiplexdir/211115_A00687_0159_AHLCNMDRXY/fastq/GB-VAL-03_211115_AHLCNMDRXY_S9_R2_001.fastq.gz	ACACGTCTGAACTCCAGTCAC,GTCGTGTAGGGAAAGAGTGT
GB-VAL-12	T	NovaSeq	211115_AHLCNMDRXY	S2	/seqstore/instruments/novaseq_687_gc/Demultiplexdir/211115_A00687_0159_AHLCNMDRXY/fastq/GB-VAL-12_211115_AHLCNMDRXY_S2_R1_001.fastq.gz	/seqstore/instruments/novaseq_687_gc/Demultiplexdir/211115_A00687_0159_AHLCNMDRXY/fastq/GB-VAL-12_211115_AHLCNMDRXY_S2_R2_001.fastq.gz	ACACGTCTGAACTCCAGTCAC,GTCGTGTAGGGAAAGAGTGT
GB-VAL-15	T	NovaSeq	211115_AHLCNMDRXY	S10	/seqstore/instruments/novaseq_687_gc/Demultiplexdir/211115_A00687_0159_AHLCNMDRXY/fastq/GB-VAL-15_211115_AHLCNMDRXY_S10_R1_001.fastq.gz	/seqstore/instruments/novaseq_687_gc/Demultiplexdir/211115_A00687_0159_AHLCNMDRXY/fastq/GB-VAL-15_211115_AHLCNMDRXY_S10_R2_001.fastq.gz	ACACGTCTGAACTCCAGTCAC,GTCGTGTAGGGAAAGAGTGT
GB-VAL-21	T	NovaSeq	211115_AHLCNMDRXY	S3	/seqstore/instruments/novaseq_687_gc/Demultiplexdir/211115_A00687_0159_AHLCNMDRXY/fastq/GB-VAL-21_211115_AHLCNMDRXY_S3_R1_001.fastq.gz	/seqstore/instruments/novaseq_687_gc/Demultiplexdir/211115_A00687_0159_AHLCNMDRXY/fastq/GB-VAL-21_211115_AHLCNMDRXY_S3_R2_001.fastq.gz	ACACGTCTGAACTCCAGTCAC,GTCGTGTAGGGAAAGAGTGT
GB-VAL-22	T	NovaSeq	211115_AHLCNMDRXY	S11	/seqstore/instruments/novaseq_687_gc/Demultiplexdir/211115_A00687_0159_AHLCNMDRXY/fastq/GB-VAL-22_211115_AHLCNMDRXY_S11_R1_001.fastq.gz	/seqstore/instruments/novaseq_687_gc/Demultiplexdir/211115_A00687_0159_AHLCNMDRXY/fastq/GB-VAL-22_211115_AHLCNMDRXY_S11_R2_001.fastq.gz	ACACGTCTGAACTCCAGTCAC,GTCGTGTAGGGAAAGAGTGT
GB-VAL-26	T	NovaSeq	211115_AHLCNMDRXY	S4	/seqstore/instruments/novaseq_687_gc/Demultiplexdir/211115_A00687_0159_AHLCNMDRXY/fastq/GB-VAL-26_211115_AHLCNMDRXY_S4_R1_001.fastq.gz	/seqstore/instruments/novaseq_687_gc/Demultiplexdir/211115_A00687_0159_AHLCNMDRXY/fastq/GB-VAL-26_211115_AHLCNMDRXY_S4_R2_001.fastq.gz	ACACGTCTGAACTCCAGTCAC,GTCGTGTAGGGAAAGAGTGT
GB-VAL-27	T	NovaSeq	211115_AHLCNMDRXY	S12	/seqstore/instruments/novaseq_687_gc/Demultiplexdir/211115_A00687_0159_AHLCNMDRXY/fastq/GB-VAL-27_211115_AHLCNMDRXY_S12_R1_001.fastq.gz	/seqstore/instruments/novaseq_687_gc/Demultiplexdir/211115_A00687_0159_AHLCNMDRXY/fastq/GB-VAL-27_211115_AHLCNMDRXY_S12_R2_001.fastq.gz	ACACGTCTGAACTCCAGTCAC,GTCGTGTAGGGAAAGAGTGT
GB-VAL-34	T	NovaSeq	211115_AHLCNMDRXY	S5	/seqstore/instruments/novaseq_687_gc/Demultiplexdir/211115_A00687_0159_AHLCNMDRXY/fastq/GB-VAL-34_211115_AHLCNMDRXY_S5_R1_001.fastq.gz	/seqstore/instruments/novaseq_687_gc/Demultiplexdir/211115_A00687_0159_AHLCNMDRXY/fastq/GB-VAL-34_211115_AHLCNMDRXY_S5_R2_001.fastq.gz	ACACGTCTGAACTCCAGTCAC,GTCGTGTAGGGAAAGAGTGT
GB-VAL-36	T	NovaSeq	211115_AHLCNMDRXY	S13	/seqstore/instruments/novaseq_687_gc/Demultiplexdir/211115_A00687_0159_AHLCNMDRXY/fastq/GB-VAL-36_211115_AHLCNMDRXY_S13_R1_001.fastq.gz	/seqstore/instruments/novaseq_687_gc/Demultiplexdir/211115_A00687_0159_AHLCNMDRXY/fastq/GB-VAL-36_211115_AHLCNMDRXY_S13_R2_001.fastq.gz	ACACGTCTGAACTCCAGTCAC,GTCGTGTAGGGAAAGAGTGT
GB-VAL-42	T	NovaSeq	211115_AHLCNMDRXY	S6	/seqstore/instruments/novaseq_687_gc/Demultiplexdir/211115_A00687_0159_AHLCNMDRXY/fastq/GB-VAL-42_211115_AHLCNMDRXY_S6_R1_001.fastq.gz	/seqstore/instruments/novaseq_687_gc/Demultiplexdir/211115_A00687_0159_AHLCNMDRXY/fastq/GB-VAL-42_211115_AHLCNMDRXY_S6_R2_001.fastq.gz	ACACGTCTGAACTCCAGTCAC,GTCGTGTAGGGAAAGAGTGT
GB-VAL-43	T	NovaSeq	211115_AHLCNMDRXY	S14	/seqstore/instruments/novaseq_687_gc/Demultiplexdir/211115_A00687_0159_AHLCNMDRXY/fastq/GB-VAL-43_211115_AHLCNMDRXY_S14_R1_001.fastq.gz	/seqstore/instruments/novaseq_687_gc/Demultiplexdir/211115_A00687_0159_AHLCNMDRXY/fastq/GB-VAL-43_211115_AHLCNMDRXY_S14_R2_001.fastq.gz	ACACGTCTGAACTCCAGTCAC,GTCGTGTAGGGAAAGAGTGT
GB-VAL-47	T	NovaSeq	211115_AHLCNMDRXY	S7	/seqstore/instruments/novaseq_687_gc/Demultiplexdir/211115_A00687_0159_AHLCNMDRXY/fastq/GB-VAL-47_211115_AHLCNMDRXY_S7_R1_001.fastq.gz	/seqstore/instruments/novaseq_687_gc/Demultiplexdir/211115_A00687_0159_AHLCNMDRXY/fastq/GB-VAL-47_211115_AHLCNMDRXY_S7_R2_001.fastq.gz	ACACGTCTGAACTCCAGTCAC,GTCGTGTAGGGAAAGAGTGT
GB-VAL-48	T	NovaSeq	211115_AHLCNMDRXY	S15	/seqstore/instruments/novaseq_687_gc/Demultiplexdir/211115_A00687_0159_AHLCNMDRXY/fastq/GB-VAL-48_211115_AHLCNMDRXY_S15_R1_001.fastq.gz	/seqstore/instruments/novaseq_687_gc/Demultiplexdir/211115_A00687_0159_AHLCNMDRXY/fastq/GB-VAL-48_211115_AHLCNMDRXY_S15_R2_001.fastq.gz	ACACGTCTGAACTCCAGTCAC,GTCGTGTAGGGAAAGAGTGT
GB-VAL-50	T	NovaSeq	211115_AHLCNMDRXY	S8	/seqstore/instruments/novaseq_687_gc/Demultiplexdir/211115_A00687_0159_AHLCNMDRXY/fastq/GB-VAL-50_211115_AHLCNMDRXY_S8_R1_001.fastq.gz	/seqstore/instruments/novaseq_687_gc/Demultiplexdir/211115_A00687_0159_AHLCNMDRXY/fastq/GB-VAL-50_211115_AHLCNMDRXY_S8_R2_001.fastq.gz	ACACGTCTGAACTCCAGTCAC,GTCGTGTAGGGAAAGAGTGT
GB-VAL-51	T	NovaSeq	211115_AHLCNMDRXY	S16	/seqstore/instruments/novaseq_687_gc/Demultiplexdir/211115_A00687_0159_AHLCNMDRXY/fastq/GB-VAL-51_211115_AHLCNMDRXY_S16_R1_001.fastq.gz	/seqstore/instruments/novaseq_687_gc/Demultiplexdir/211115_A00687_0159_AHLCNMDRXY/fastq/GB-VAL-51_211115_AHLCNMDRXY_S16_R2_001.fastq.gz	ACACGTCTGAACTCCAGTCAC,GTCGTGTAGGGAAAGAGTGT